{"bans": {"1": {"mod_id": 393521848782028811, "bans": [1755673543.026937]}, "2": {"mod_id": 238850249890856972, "bans": [1768970582.3005586, 1768977562.8664038]}, "3": {"mod_id": 754169419881775285, "bans": [1768870685.5366173]}, "4": {"mod_id": 946543471668379678, "bans": [1756521665.6733618]}, "5": {"mod_id": 261115765309177856, "bans": [1764133531.9279957]}, "6": {"mod_id": 1201744456215166991, "bans": [1769836661.7810142]}, "7": {"mod_id": 1102564300968706118, "bans": [1756738279.8362556]}, "8": {"mod_id": 380259557227757590, "bans": [1768502465.6162376]}, "9": {"mod_id": 1403497448302841876, "bans": [1759508764.3646283]}, "10": {"mod_id": 118216722388877312, "bans": [1757431774.013156]}, "11": {"mod_id": 881165097559527485, "bans": [1757456481.8294277]}, "12": {"mod_id": 190850979501965312, "bans": [1769126345.766281, 1769126377.8730135]}, "13": {"mod_id": 210474805781200896, "bans": [1768860337.664836]}, "14": {"mod_id": 213763299194437633, "bans": [1767683888.9229333]}, "15": {"mod_id": 1335118307996729364, "bans": [1768402160.6832306]}}}